{"lr":0.01,"_timestamp":1.7706336337782469e+09,"_wandb":{"runtime":8},"_runtime":8.322474542,"_step":0}