{"_runtime":13.281401,"_wandb":{"runtime":13},"_step":0,"lr":0.01,"_timestamp":1.7706330027910678e+09}