{"_wandb":{"runtime":28},"_runtime":28.411013291,"lr":0.01,"_timestamp":1.770633352408897e+09,"_step":0}