{"_step":0,"lr":0.01,"_timestamp":1.770632716447229e+09,"_wandb":{"runtime":104},"_runtime":104.422376042}