{"_wandb":{"runtime":27},"_runtime":27.935859625,"_step":0,"lr":0.01,"_timestamp":1.770633304639164e+09}