{"_runtime":16.312325458,"lr":0.01,"_timestamp":1.770632860687499e+09,"_step":0,"_wandb":{"runtime":16}}